Source,Dataset,Model,Accuracy,Precision,Recall,F1-Score,ROC-AUC,Threshold,N
FOLD_01,Validation,FOLD_01,0.9915966386554622,0.9230769230769231,0.8571428571428571,0.8888888888888888,0.9864639733444398,0.992489218711853,357.0
FOLD_02,Validation,FOLD_02,0.9915966386554622,1.0,0.7272727272727273,0.8421052631578947,0.873620599054125,0.768964946269989,357.0
FOLD_03,Validation,FOLD_03,0.9970326409495549,0.9090909090909091,1.0,0.9523809523809523,0.9987767584097859,0.9037580490112305,337.0
FOLD_04,Validation,FOLD_04,0.9969512195121951,1.0,0.75,0.8571428571428571,0.996141975308642,0.9991297125816345,328.0
FOLD_05,Validation,FOLD_05,0.9881305637982196,0.8888888888888888,0.8888888888888888,0.8888888888888888,0.9905956112852664,0.49187225103378296,337.0
VAL MEAN,Validation,Cross-Validation Mean,0.9930615403141788,0.9442113442113442,0.8446608946608947,0.8858813700918964,0.9691197834804518,0.831242835521698,1716.0
VAL STD,Validation,Cross-Validation Standard Deviation,0.003856995192508267,0.05235797697593716,0.11066031281487015,0.04237491725085342,0.053600049769548595,0.2112438075267499,
BEST FOLD VALIDATION (FOLD_03),Validation,FOLD_03,0.9970326409495549,0.9090909090909091,1.0,0.9523809523809523,0.9987767584097859,0.9037580490112305,337.0
Test Set (Best Fold FOLD_03),Test Set,Best Fold FOLD_03,0.9803921568627451,0.75,0.75,0.75,0.9186507936507937,0.9037580490112305,306.0
Test Set (Ensemble),Test Set,Ensemble,0.9803921568627451,0.8,0.6666666666666666,0.7272727272727273,0.9914965986394558,0.831242835521698,306.0
