model,feature_source,mean_delta_pr_auc,std_delta_pr_auc,mean_delta_roc_auc,std_delta_roc_auc,n_folds
Logistic Regression,RGB-Pred,0.05873102633855496,0.05866987567512768,0.17943247863247863,0.03867255626701682,5
Logistic Regression,Thermal-Pred,0.008249833331002824,0.042618819048843216,0.05116239316239317,0.02206746490932498,5
Logistic Regression,Metadata,0.0017755372192793943,0.00768164815311819,0.01058461538461539,0.0065927764701387195,5
Random Forest,RGB-Pred,0.035228714798875446,0.00936572486256686,0.1987042735042735,0.015174681854703973,5
Random Forest,Metadata,-0.000675958223429205,0.0013245060709437984,-0.00040170940170941626,0.0008020765292111456,5
Random Forest,Thermal-Pred,-0.01042580382972404,0.011569516156357927,-0.0014478632478632711,0.004748009798718336,5
SVM,RGB-Pred,0.06435854068638207,0.01119009870069957,0.21871452991452994,0.011837023034757106,5
SVM,Metadata,0.008665566938568042,0.005888710358014813,0.006357264957264989,0.005759036260395516,5
XGBoost,RGB-Det,0.015451089775934559,0.012728379558177795,0.13514700854700856,0.0688498867344969,5
XGBoost,Metadata,-0.003093941782427949,0.002317909225806275,0.001605128205128218,0.006668623425302029,5
XGBoost,Thermal-Pred,-0.020107509738962852,0.03579769370944569,0.047921367521367546,0.09010741947849073,5
