model,metadata_feature,mean_delta_pr_auc,std_delta_pr_auc,mean_delta_roc_auc,std_delta_roc_auc,n_folds
Logistic Regression,Session,0.0043864055174628064,0.0026451679571968165,0.010705982905982915,0.0037459628352410185,5
Logistic Regression,Treatment,0.0006577324942292641,0.00112316852957521,0.003767521367521374,0.0023134496083793868,5
Logistic Regression,Thermal Mean,0.00011535033549967073,0.0015386704328273144,0.0007743589743589858,0.0020757057387025346,5
Logistic Regression,Thermal SD,-9.247942878024772e-05,0.0010917689042823173,0.00014017094017095298,0.001022084288781626,5
Logistic Regression,Ambient Temperature,-0.0004994902268171411,0.0011333431566656555,0.0009145299145299308,0.0024720809376851177,5
Logistic Regression,Loaded Branch,-0.0010606918728781442,0.002063172583187964,-0.002029059829059817,0.004437093691111071,5
Logistic Regression,Old Branch,-0.002705419924200457,0.002226103659395285,-0.0020752136752136704,0.0021998661791294894,5
Random Forest,Ambient Temperature,6.352065200039363e-05,0.0005163469718432399,1.1965811965811932e-05,0.0006332750818107835,5
Random Forest,Loaded Branch,0.0,0.0,0.0,0.0,5
Random Forest,Thermal SD,0.0,0.0,0.0,0.0,5
Random Forest,Treatment,0.0,0.0,0.0,0.0,5
Random Forest,Old Branch,-1.0466876571709805e-05,2.340464752644307e-05,-1.1965811965811923e-05,2.675636896153585e-05,5
Random Forest,Thermal Mean,-3.535954241836536e-05,7.906634050075226e-05,-0.0002854700854701044,0.0006383305166538285,5
Random Forest,Session,-0.00047777867066643877,0.0010159374420819892,0.00012649572649572161,0.0001927724677974213,5
SVM,Treatment,0.006408846401881077,0.00283780400856435,0.005777777777777811,0.0052581784254215344,5
SVM,Loaded Branch,0.005655324441056422,0.006789553711694825,-0.005545299145299112,0.001834168916827952,5
SVM,Ambient Temperature,0.0008869829627209745,0.0012778285353851249,0.0008393162393162621,0.001181813635256596,5
SVM,Thermal SD,0.000730307099366657,0.003079798971956447,0.0017538461538461857,0.0027161970918601138,5
SVM,Session,0.00029951525897713247,0.0024808807738554883,0.007008547008547042,0.004541209109242004,5
SVM,Thermal Mean,-0.00034651169359152105,0.002669287235173094,0.0011367521367521673,0.0013504138266119776,5
SVM,Old Branch,-0.003183447902883886,0.004328157831353419,-0.003001709401709375,0.0022527926841232103,5
XGBoost,Session,0.0005568325130743516,0.0013952884561085474,0.003441025641025635,0.006870953939275753,5
XGBoost,Old Branch,0.00037524274204052215,0.0006257351036485391,0.00015042735042736322,0.0004227789678604513,5
XGBoost,Thermal Mean,0.00023247342528131637,0.0002620214852125413,0.0016632478632478838,0.002980723125581626,5
XGBoost,Loaded Branch,0.0001491980932768809,0.0002936962283697573,-0.00014188034188034537,0.0003048060258911175,5
XGBoost,Treatment,-0.00011853236795498579,0.00026504643228136593,-0.00023076923076922998,0.0005160156871153343,5
XGBoost,Thermal SD,-0.0010264386463027357,0.002417983674627182,-0.0006170940170940087,0.0013023380695374382,5
XGBoost,Ambient Temperature,-0.0033861875168643544,0.0029692655043052313,-0.003712820512820501,0.0033556376284749985,5
