config,model,pca,smote,evaluation_method,split,fold,threshold,accuracy,balanced_accuracy,f1_class_1,precision_class_1,recall_class_1,roc_auc,pr_auc,negative_support,positive_support,tn,fp,fn,tp
5_RgbDet_ThrPred_Meta,xgboost,pca_on,smote_off,best_fold,test_internal,fold_03,0.0334308855235576,0.9016393442622952,0.5658119658119658,0.1428571428571428,0.1111111111111111,0.2,0.6316239316239316,0.0729440837917009,234,10,218,16,8,2
5_RgbDet_ThrPred_Meta,xgboost,pca_on,smote_off,best_fold,test_external,fold_03,0.0334308855235576,0.9714285714285714,0.5,0.0,0.0,0.0,0.5070588235294118,0.2274380223981003,170,5,170,0,5,0
5_RgbDet_ThrPred_Meta,xgboost,pca_on,smote_off,ensemble,test_internal,all_5_folds,0.13526788,0.9508196721311475,0.49572649572649574,0.0,0.0,0.0,0.7350427350427351,0.08574304353817183,234,10,232,2,10,0
5_RgbDet_ThrPred_Meta,xgboost,pca_on,smote_off,ensemble,test_external,all_5_folds,0.13526788,0.9714285714285714,0.5,0.0,0.0,0.0,0.9,0.31062356760886173,170,5,170,0,5,0
4_RgbPred_ThrPred_Meta,logistic_regression,pca_on,smote_on,best_fold,test_internal,fold_05,0.999999625730864,0.9590163934426228,0.5,0.0,0.0,0.0,0.7162393162393162,0.0972646458564115,234,10,234,0,10,0
4_RgbPred_ThrPred_Meta,logistic_regression,pca_on,smote_on,best_fold,test_external,fold_05,0.999999625730864,0.9714285714285714,0.5,0.0,0.0,0.0,0.8905882352941176,0.3197458455522972,170,5,170,0,5,0
4_RgbPred_ThrPred_Meta,logistic_regression,pca_on,smote_on,ensemble,test_internal,all_5_folds,0.9576376075856056,0.9590163934426229,0.5,0.0,0.0,0.0,0.7482905982905983,0.10924854719668298,234,10,234,0,10,0
4_RgbPred_ThrPred_Meta,logistic_regression,pca_on,smote_on,ensemble,test_external,all_5_folds,0.9576376075856056,0.9714285714285714,0.5,0.0,0.0,0.0,0.8105882352941177,0.1672166689979449,170,5,170,0,5,0
4_RgbPred_ThrPred_Meta,random_forest,pca_off,smote_off,best_fold,test_internal,fold_01,0.2649783647496317,0.5737704918032787,0.6820512820512821,0.1333333333333333,0.0727272727272727,0.8,0.7401709401709402,0.1044688168036605,234,10,132,102,2,8
4_RgbPred_ThrPred_Meta,random_forest,pca_off,smote_off,best_fold,test_external,fold_01,0.2649783647496317,0.8914285714285715,0.6529411764705882,0.1739130434782608,0.1111111111111111,0.4,0.6635294117647059,0.148819840766575,170,5,154,16,3,2
4_RgbPred_ThrPred_Meta,random_forest,pca_off,smote_off,ensemble,test_internal,all_5_folds,0.3280233764291542,0.6721311475409836,0.6376068376068376,0.13043478260869565,0.07317073170731707,0.6,0.7183760683760684,0.09948773684311724,234,10,158,76,4,6
4_RgbPred_ThrPred_Meta,random_forest,pca_off,smote_off,ensemble,test_external,all_5_folds,0.3280233764291542,0.9314285714285714,0.47941176470588237,0.0,0.0,0.0,0.6988235294117647,0.07534970529231648,170,5,163,7,5,0
3_RgbPred_Meta,svm,pca_on,smote_off,best_fold,test_internal,fold_01,0.042085348277504,0.4795081967213114,0.6329059829059829,0.1118881118881118,0.0601503759398496,0.8,0.7252136752136752,0.140389016704414,234,10,109,125,2,8
3_RgbPred_Meta,svm,pca_on,smote_off,best_fold,test_external,fold_01,0.042085348277504,0.8342857142857143,0.5264705882352941,0.064516129032258,0.0384615384615384,0.2,0.6529411764705882,0.051658585812017,170,5,145,25,4,1
3_RgbPred_Meta,svm,pca_on,smote_off,ensemble,test_internal,all_5_folds,0.0416922601783101,0.5286885245901639,0.7064102564102563,0.13533834586466165,0.07317073170731707,0.9,0.7461538461538462,0.1345916414113988,234,10,120,114,1,9
3_RgbPred_Meta,svm,pca_on,smote_off,ensemble,test_external,all_5_folds,0.0416922601783101,0.8914285714285715,0.5558823529411765,0.09523809523809523,0.0625,0.2,0.7329411764705882,0.1001424057249013,170,5,155,15,4,1
