config,model,pca,smote,split,model_overrides,accuracy_mean,accuracy_std,balanced_accuracy_mean,balanced_accuracy_std,f1_class_1_mean,f1_class_1_std,precision_class_1_mean,precision_class_1_std,recall_class_1_mean,recall_class_1_std,roc_auc_mean,roc_auc_std,pr_auc_mean,pr_auc_std,threshold_mean,threshold_std,validation_f1_at_optimized_threshold_mean,validation_f1_at_optimized_threshold_std,tn_mean,tn_std,fp_mean,fp_std,fn_mean,fn_std,tp_mean,tp_std,pca_explained_variance_rgb_pred_mean,pca_explained_variance_rgb_pred_std,pca_explained_variance_thr_pred_mean,pca_explained_variance_thr_pred_std,pca_explained_variance_rgb_det_mean,pca_explained_variance_rgb_det_std
3_RgbPred_Meta,svm,pca_on,smote_off,test_external,"{""C"": 1.0, ""gamma"": ""scale""}",0.8880000000000001,0.12172904001787523,0.5152941176470589,0.024200002859675558,0.02693831352574986,0.036941032096636434,0.015384615384615385,0.02106625221173716,0.12000000000000002,0.1788854381999832,0.6882352941176471,0.07921325952407882,0.09815541182292788,0.06421927883856805,0.0610869765829473,0.028014221911267692,0.21978498255094,0.10101301110844868,154.8,22.196846622887673,15.2,22.196846622887676,4.4,0.8944271909999159,0.6,0.8944271909999159,0.950135232881894,8.934113036052992e-05,,,,
3_RgbPred_Meta,svm,pca_on,smote_off,test_internal,"{""C"": 1.0, ""gamma"": ""scale""}",0.7040983606557377,0.24759322540691867,0.6255555555555555,0.04039241547247547,0.14985864377168726,0.03174776511268374,0.10139159973936789,0.039579118718180935,0.54,0.34351128074635334,0.7329914529914531,0.010681196273430426,0.12899866207075183,0.012396006164755821,0.0610869765829473,0.028014221911267692,0.21978498255094,0.10101301110844868,166.4,63.818492617735814,67.6,63.818492617735814,4.6,3.4351128074635335,5.4,3.4351128074635335,0.950135232881894,8.934113036052992e-05,,,,
3_RgbPred_Meta,svm,pca_on,smote_off,train,"{""C"": 1.0, ""gamma"": ""scale""}",0.8171543373706095,0.18996245677942702,0.8754191682849879,0.0787243098542779,0.44611209426169723,0.272169897410456,0.36262287187505476,0.32329524444821006,0.9386666666666666,0.10396580634462894,0.9861000389888502,0.0060828283255601155,0.752275052577106,0.1055661271244206,0.0610869765829473,0.028014221911267692,0.21978498255094,0.10101301110844868,858.2,212.085360173681,198.6,212.70707557577865,3.0,5.196152422706632,42.6,3.1304951684997055,0.950135232881894,8.934113036052992e-05,,,,
3_RgbPred_Meta,svm,pca_on,smote_off,val,"{""C"": 1.0, ""gamma"": ""scale""}",0.8459999999999999,0.16879211011167727,0.6276333744123874,0.03658600697432441,0.21978498255094,0.10101301110844867,0.18611721611721613,0.11130080481113068,0.38926406926406926,0.2000924267795054,0.5938614655835305,0.06921089683443092,0.11941553779639916,0.10629868460436963,0.0610869765829473,0.028014221911267692,0.21978498255094,0.10101301110844868,228.8,48.69496893930624,35.4,48.60349781651522,7.0,3.1622776601683795,4.4,2.3021728866442674,0.950135232881894,8.934113036052992e-05,,,,
4_RgbPred_ThrPred_Meta,logistic_regression,pca_on,smote_on,test_external,"{""C"": 0.01}",0.7542857142857142,0.36502166555771814,0.5241176470588236,0.03184086730052791,0.04807760453579022,0.04954486322152386,0.030285254198297674,0.034258839775445256,0.27999999999999997,0.41472882706655445,0.6952941176470588,0.1279814000326815,0.1676080056041263,0.11486758720390267,0.21184703147341324,0.4407785618899941,0.22492386923421406,0.0972318807786723,130.6,65.93026619087777,39.4,65.93026619087777,3.6,2.073644135332772,1.4,2.073644135332772,0.950135232881894,8.934113036052992e-05,0.9501083643833954,9.069603202868746e-05,,
4_RgbPred_ThrPred_Meta,logistic_regression,pca_on,smote_on,test_internal,"{""C"": 0.01}",0.6770491803278689,0.24647133461170037,0.6401709401709402,0.08883288423083256,0.11932814014252287,0.07580188158057762,0.06855573908620934,0.04661535699598122,0.6,0.3937003937005905,0.73991452991453,0.04285517303426302,0.12423229337034451,0.059356733357620546,0.21184703147341324,0.4407785618899941,0.22492386923421406,0.0972318807786723,159.2,63.747156799342825,74.8,63.747156799342825,4.0,3.9370039370059056,6.0,3.9370039370059056,0.950135232881894,8.934113036052992e-05,0.9501083643833954,9.069603202868746e-05,,
4_RgbPred_ThrPred_Meta,logistic_regression,pca_on,smote_on,train,"{""C"": 0.01}",0.5256773722219388,0.30885656804308,0.6567050131187224,0.1333574031301321,0.1071592127580224,0.0687499616632544,0.05770608260084984,0.03763747456132467,0.8,0.4472135954999579,0.9999181099492048,6.433491237974216e-05,0.9982106827646104,0.0014099226578281256,0.21184703147341324,0.4407785618899941,0.22492386923421406,0.0972318807786723,543.0,357.9231761146517,513.8,356.3463203121368,9.0,20.12461179749811,36.6,20.659138413786767,0.950135232881894,8.934113036052992e-05,0.9501083643833954,9.069603202868746e-05,,
4_RgbPred_ThrPred_Meta,logistic_regression,pca_on,smote_on,val,"{""C"": 0.01}",0.8410250329380764,0.12047960060972052,0.6626560621193158,0.058842686563810066,0.22492386923421406,0.0972318807786723,0.2602398443569497,0.28109461978159017,0.4664069264069264,0.22943240009619725,0.6531188296705643,0.11382649446413395,0.1360788603490431,0.08469574322659892,0.21184703147341324,0.4407785618899941,0.22492386923421406,0.0972318807786723,226.8,35.22357165308481,37.4,36.26706494879342,6.4,3.9749213828703582,5.0,2.345207879911715,0.950135232881894,8.934113036052992e-05,0.9501083643833954,9.069603202868746e-05,,
4_RgbPred_ThrPred_Meta,random_forest,pca_off,smote_off,test_external,"{""max_depth"": 3, ""max_features"": 0.5, ""min_samples_leaf"": 5}",0.9222857142857143,0.042685370050247064,0.5523529411764706,0.08696139222105528,0.0644122383252818,0.08866924249878393,0.0404040404040404,0.055784651601955865,0.16,0.21908902300206645,0.6656470588235294,0.0606219209612996,0.08457202505568522,0.04163582073496093,0.33135459941659545,0.04387638015683901,0.2236815815763184,0.10513203967050413,160.6,8.473488065725943,9.4,8.473488065725943,4.2,1.0954451150103324,0.8,1.0954451150103324,,,,,,
4_RgbPred_ThrPred_Meta,random_forest,pca_off,smote_off,test_internal,"{""max_depth"": 3, ""max_features"": 0.5, ""min_samples_leaf"": 5}",0.6745901639344262,0.1222177600243057,0.6293162393162393,0.0410552332732616,0.13654518096999005,0.03981970576127425,0.0805320916223671,0.032566770032190474,0.58,0.16431676725154987,0.7065811965811966,0.020353279144852313,0.09881745125728844,0.011533323594765275,0.33135459941659545,0.04387638015683901,0.2236815815763184,0.10513203967050413,158.8,31.236196951613685,75.2,31.236196951613685,4.2,1.6431676725154984,5.8,1.6431676725154984,,,,,,
4_RgbPred_ThrPred_Meta,random_forest,pca_off,smote_off,train,"{""max_depth"": 3, ""max_features"": 0.5, ""min_samples_leaf"": 5}",0.8907783260633844,0.05982567035357007,0.9430359876074423,0.031175999413445853,0.4580354129266618,0.1112141323668115,0.30216262397288984,0.08873679911916796,1.0,0.0,0.9990009820665815,0.0007982694211726058,0.9774367731319167,0.018032484100882484,0.33135459941659545,0.04387638015683901,0.2236815815763184,0.10513203967050413,936.4,65.95680404628472,120.4,65.91888955375386,0.0,0.0,45.6,2.880972058177588,,,,,,
4_RgbPred_ThrPred_Meta,random_forest,pca_off,smote_off,val,"{""max_depth"": 3, ""max_features"": 0.5, ""min_samples_leaf"": 5}",0.8584505928853755,0.11139379272535854,0.6302388997907901,0.046545091774453005,0.2236815815763184,0.10513203967050416,0.2217693295513879,0.15050124365358225,0.38025974025974024,0.18070821779912305,0.6203032103225242,0.0704120063610508,0.1419331139503,0.10194928943854993,0.33135459941659545,0.04387638015683901,0.2236815815763184,0.10513203967050413,232.4,32.12942576517669,31.8,33.588688572196446,7.2,3.3466401061363023,4.2,2.16794833886788,,,,,,
5_RgbDet_ThrPred_Meta,xgboost,pca_on,smote_off,test_external,"{""colsample_bytree"": 1.0, ""max_depth"": 4, ""min_child_weight"": 1, ""subsample"": 1.0}",0.9645714285714286,0.007450517034517337,0.5158823529411765,0.04224455084534061,0.04444444444444444,0.09938079899999064,0.05,0.11180339887498948,0.04,0.08944271909999159,0.7035294117647058,0.18120702568931907,0.16888462715834957,0.12626274223872183,0.09521880298852921,0.07779638999142141,0.2364831449821308,0.0756233910367828,168.6,1.516575088810308,1.4,1.51657508881031,4.8,0.44721359549995787,0.2,0.4472135954999579,,,0.9501083643833954,9.069603202868746e-05,0.9502636037627221,0.0002098152740288659
5_RgbDet_ThrPred_Meta,xgboost,pca_on,smote_off,test_internal,"{""colsample_bytree"": 1.0, ""max_depth"": 4, ""min_child_weight"": 1, ""subsample"": 1.0}",0.9131147540983606,0.013406087896554193,0.523931623931624,0.04451732190665413,0.07671957671957672,0.07785152893948233,0.06255835667600373,0.06451028976081653,0.1,0.1,0.6612820512820513,0.0442690490448852,0.07951086391145049,0.014072203852906306,0.09521880298852921,0.07779638999142141,0.2364831449821308,0.0756233910367828,221.8,3.8987177379235853,12.2,3.898717737923586,9.0,0.9999999999999999,1.0,1.0,,,0.9501083643833954,9.069603202868746e-05,0.9502636037627221,0.0002098152740288659
5_RgbDet_ThrPred_Meta,xgboost,pca_on,smote_off,train,"{""colsample_bytree"": 1.0, ""max_depth"": 4, ""min_child_weight"": 1, ""subsample"": 1.0}",0.9936479128856626,0.008703868463362465,0.9966810975894903,0.004547193685609501,0.9376068376068376,0.08576870908924511,0.8921108742004265,0.14816538925870507,1.0,0.0,1.0,0.0,1.0,2.0014830212433605e-16,0.09521880298852921,0.07779638999142141,0.2364831449821308,0.0756233910367828,1049.8,11.819475453673915,7.0,9.591663046625438,0.0,0.0,45.6,2.880972058177588,,,0.9501083643833954,9.069603202868746e-05,0.9502636037627221,0.0002098152740288659
5_RgbDet_ThrPred_Meta,xgboost,pca_on,smote_off,val,"{""colsample_bytree"": 1.0, ""max_depth"": 4, ""min_child_weight"": 1, ""subsample"": 1.0}",0.9114308300395256,0.04620999706821973,0.636683085543883,0.08093764586400529,0.2364831449821308,0.07562339103678281,0.20312056737588652,0.06831898733132957,0.3363203463203463,0.1958015884168811,0.6216973690364187,0.1436706196211257,0.11277544387496388,0.052297286956077375,0.09521880298852921,0.07779638999142141,0.2364831449821308,0.0756233910367828,247.6,14.656056768449009,16.6,13.612494260788505,7.8,3.63318042491699,3.6,1.949358868961793,,,0.9501083643833954,9.069603202868746e-05,0.9502636037627221,0.0002098152740288659
